{"current":{"base_font":"google_fonts:Roboto","base_font_size":"14px","base_font_color":"#3e3a48","heading_font":"google_fonts:Montserrat","heading_font_size":"20px","heading_font_color":"#3e3a48","links_color":"#3e3a48","links_color_hover":"#91ccbe","product_name_size":"18px","product_name_color":"#3e3a48","product_name_color_hover":"#91ccbe","product_price_color":"#000000","bg_color":"#ffffff","border_color":"#ebebec","color_1":"#ffffff","color_2":"#282828","color_3":"#ecdf43","color_4":"#91ccbe","color_5":"#f5f5f5","favicon":"","sharing_fb":true,"sharing_tw":true,"sharing_gplus":true,"sharing_pin":true,"checkout_header_image":"","checkout_logo_image":"","checkout_logo_position":"left","checkout_logo_size":"medium","checkout_body_background_image":"","checkout_body_background_color":"#fff","checkout_input_background_color_mode":"white","checkout_sidebar_background_image":"","checkout_sidebar_background_color":"#fafafa","checkout_heading_font":"Helvetica Neue","checkout_body_font":"Helvetica Neue","checkout_accent_color":"#1990c6","checkout_button_color":"#1990c6","checkout_error_color":"#ff6d6d","currency_selector":"0","supported_currencies":"USD EUR GBP","show_multiple_currencies":"1","currency_format":"money_with_currency_format","default_currency":"USD","currencies_toggle":true,"currencies_list":"","checkout_use_header_image":false,"checkout_logo":"","checkout_use_body_background_image":false,"checkout_use_sidebar_background_image":false,"color_text":"#3d4246","color_body_text":"#788188","color_sale_text":"#7796A8","color_borders":"#e8e9eb","color_button":"#7796A8","color_button_text":"#fff","color_small_button":"#fff","color_small_button_text":"#3d4246","color_text_field":"#fff","color_text_field_text":"#000","color_image_overlay_text":"#fff","color_image_overlay":"#3d4246","image_overlay_opacity":"0.25","color_body_bg":"#fff","type_header_family":"Google_Work+Sans_600_sans","type_header_base_size":"26px","type_base_family":"Google_Work+Sans_400_sans","type_base_size":"16px","type_bold_product_titles":false,"share_facebook":true,"share_twitter":true,"share_pinterest":true,"social_twitter_link":"","social_facebook_link":"","social_pinterest_link":"","social_instagram_link":"","social_tumblr_link":"","social_snapchat_link":"","social_youtube_link":"","social_vimeo_link":"","sections":{"header":{"type":"header","blocks":{"1479745076714":{"type":"link-linklist","settings":{"title":"Home","link":"https:\/\/theme654-gifts-store-free.myshopify.com","links":"main-menu"}},"1479745635495":{"type":"link-4linklists","settings":{"title":"Catalog","link":"shopify:\/\/collections","links_1":"collection-1","links_2":"collection-2","links_3":"collection-3","links_4":"collection-4"}},"1479746552441":{"type":"link-products","settings":{"title":"Sale","link":"shopify:\/\/collections\/sale","products":"sale"}}},"block_order":["1479745076714","1479745635495","1479746552441"],"settings":{"logo_type":"img","logo_main":"shopify:\/\/shop_images\/logo.png","logo_slogan":"","top_panel_text":"<p><strong>FREE SHIPPING<\/strong> in UK for orders over &pound;85!<\/p>","currency_selector":true,"supported_currencies":"USD EUR GBP","header_cart":true,"header_user":true,"header_search":true,"header_social":true,"social_fb":"https:\/\/www.facebook.com\/TemplateMonster","social_tw":"https:\/\/twitter.com\/templatemonster","social_inst":"https:\/\/www.instagram.com\/template_monster","social_pin":"https:\/\/www.pinterest.com\/templatemonster","social_gplus":"https:\/\/google.com\/+templatemonster","social_yt":"http:\/\/www.youtube.com\/user\/TemplateMonsterCo","megamenu_toggle":true}},"footer":{"type":"footer","blocks":{"1479825932019":{"type":"linklist","settings":{"width":"25%","links":"main-menu"}},"1479835596250":{"type":"linklist","settings":{"width":"25%","links":"footer"}},"1479825952558":{"type":"contacts","settings":{"width":"25%","contacts_title":"Contact Information","contacts":"<p>4096 N Highland St, Arlington, VA<\/p>\r\n<p>32101, USA<\/p>","contacts_email":"classygift@demolink.org"}},"1493021202278":{"type":"contacts","settings":{"width":"25%","contacts_title":"We are working on","contacts":"<p>Working Days: Mon. - Fri.<\/p>\r\n<p>Working Hours: 9.00AM - 5.00PM<\/p>","contacts_email":""}}},"block_order":["1479825932019","1479835596250","1479825952558","1493021202278"],"settings":{"powered_toggle":true,"payment_icons_toggle":true,"cc-amex":true,"cc-diners-club":false,"cc-discover":false,"cc-jcb":false,"cc-mastercard":true,"cc-paypal":true,"cc-stripe":false,"cc-visa":true,"google-wallet":false,"footer_logo_toggle":true,"footer_logo_img":"shopify:\/\/shop_images\/logo.png"}},"1478269574236":{"type":"index-collection-list","blocks":{"1478269574236-1":{"type":"featured_collection","settings":{"item_collection":"frontpage","item_button":"shop now!"}},"1478269574236-2":{"type":"featured_collection","settings":{"item_collection":"autumn-bouquets","item_button":"shop now!"}},"1478269574236-0":{"type":"featured_collection","settings":{"item_collection":"congratulations","item_button":"shop now!"}}},"block_order":["1478269574236-1","1478269574236-2","1478269574236-0"],"settings":{"section_title":"","img_size":"medium","img_alignment":"center","text_position":"normal","show_view_all":false}},"template-collections-listing":{"type":"template-collections-listing","settings":{"img_size":"medium","img_alignment":"top","text_position":"overlay"}},"template-collection":{"type":"template-collection","settings":{"collection_img_style":"collection_img_inline","collection_img_size":"small","collection_img_alignment":"center","common_img":"","collection_desc_toggle":true,"collection_tags_toggle":true,"product_img_size":"medium","product_img_alignment":"center"}},"template-product":{"type":"template-product","settings":{"image_size":"medium","image_alignment":"top","show_weight":true,"show_sku":true,"show_barcode":true,"show_collections":true,"show_product_types":true,"show_vendor":true,"show_tags":true,"show_share_buttons":true,"show_desc":true}},"template-blog":{"type":"template-blog","settings":{"layout":"list","img_size":"medium","img_alignment":"center","text_position":"normal","blog_tags_toggle":true,"blog_show_author":true}},"template-article":{"type":"template-article","settings":{"img_size":"medium","img_alignment":"center","text_position":"normal"}},"1484331457896":{"type":"index-slideshow","blocks":{"1484331457896-0":{"type":"image","settings":{"image":"shopify:\/\/shop_images\/slider_1.jpg","img_alignment":"center","caption_txt1":"Handmade","caption_txt2":"home decor","caption_txt3":"","caption_txt4":"We offer free shipping for all orders over $100. If for some reason your shoes don't fit, send them back for free. We have a \"no questions asked\" policy about that!","caption_link1":"","caption_link_txt1":"","caption_link2":"","caption_link_txt2":"","accent":false}},"1484331457896-1":{"type":"image","settings":{"image":"shopify:\/\/shop_images\/slider_2.jpg","img_alignment":"top","caption_txt1":"Wedding","caption_txt2":"Arrangements","caption_txt3":"","caption_txt4":"Your wedding planning starts right here, right now. We understand that you're probably feeling overwhelmed with the sheer number of things you need to plan and organize.","caption_link1":"shopify:\/\/collections","caption_link_txt1":"Shop Now","caption_link2":"shopify:\/\/collections\/all","caption_link_txt2":"details","accent":false}},"1484331485468":{"type":"image","settings":{"image":"shopify:\/\/shop_images\/slider_3.jpg","img_alignment":"center","caption_txt1":"Presents","caption_txt2":"&amp; Gift Ideas","caption_txt3":"at Best Quality &amp; Price","caption_txt4":"","caption_link1":"shopify:\/\/products\/4ever-romantic-stainless-alloy-metal-silver-nautical-steering-wheel-anchor-and-love-boat-rudder-helm-couple-keychain","caption_link_txt1":"Shop now","caption_link2":"","caption_link_txt2":"","accent":false}}},"block_order":["1484331457896-0","1484331457896-1","1484331485468"],"settings":{"autoplay":true,"autoplay_speed":"5000","fade_text":true,"slideshow_height":"large"}},"1492786278236":{"type":"index-products-swiper","settings":{"section_title":"popular products","section_collection":"birthday","products_limit":"8","autoplay":false,"autoplay_speed":"7000","img_size":"medium","img_alignment":"top","show_view_all":false,"button_text":"See all products"}},"1553602736660":{"type":"index-newsletter","settings":{"newsletter_toggle":true,"newsletter_title":"SIGN UP","newsletter_text":"FOR SPECIAL OFFERS & NEW ARRIVALS NEWSLETTERS","social_toggle":true,"social_title":"SPECIAL OFFERS","social_text":"ON OUR SOCIAL MEDIA:","social_fb":"https:\/\/www.facebook.com\/TemplateMonster","social_tw":"https:\/\/twitter.com\/templatemonster","social_inst":"","social_pin":"https:\/\/www.pinterest.com\/templatemonster\/","social_gplus":"https:\/\/plus.google.com\/116173187155256042113","social_yt":"https:\/\/www.youtube.com\/user\/TemplateMonsterCo"}},"1553605251985":{"type":"index-banners","blocks":{"1553605251985-0":{"type":"big_banner","settings":{"item_img":"shopify:\/\/shop_images\/banner_1.jpg","item_link":"shopify:\/\/products\/1-pair-mens-silver-oval-wedding-cufflinks-groom-best-man-usher-page-boy-cuff-link-gift","item_title":"STYLE","item_subtitle":"Accessories","list_item_1":"HAIR ACCESSORIES","list_item_2":"BELTS & SUSPENDERS","list_item_3":"PATCHES & PINS","item_link_text":"shop now!"}},"1553605251985-1":{"type":"small_banner","settings":{"item_img":"shopify:\/\/shop_images\/banner_2.jpg","item_link":"shopify:\/\/products\/4ever-romantic-stainless-alloy-metal-silver-nautical-steering-wheel-anchor-and-love-boat-rudder-helm-couple-keychain","item_subtitle_top":"","item_title":"35% OFF","item_subtitle_bottom":"ON HOME DECOR","item_link_text":""}},"1553605251985-2":{"type":"small_banner","settings":{"item_img":"shopify:\/\/shop_images\/banner_3.jpg","item_link":"shopify:\/\/products\/burts-bees-baby-bee-getting-started-gift-set","item_subtitle_top":"sweet","item_title":"gifts","item_subtitle_bottom":"","item_link_text":"shop now!"}}},"block_order":["1553605251985-0","1553605251985-1","1553605251985-2"],"settings":{}}},"content_for_index":["1484331457896","1478269574236","1492786278236","1553605251985","1553602736660"]},"presets":{"Default":{"sections":{"header":{"type":"header","settings":{}},"footer":{"type":"footer","settings":{}}},"content_for_index":[]}}}